,,,,
nombre,apellido,correo,contrasena,apodo
Jhohan,Bustamante,JhohanBustamante@gmail.com,901144397lr.,JhoBusLR2025
Kevin,Lopez,KevinLopez@gmail.com,542401426lr.,KevLopLR2025
Camilo,Almanza,CamiloAlmanza@gmail.com,333647544lr.,CamAlmLR2025
Laura,Soto,LauraSoto@gmail.com,851400259lr.,LauSotLR2025
Sara,Bustamante,SaraBustamante@gmail.com,963109103lr.,SarBusLR2025
Kevin,Cadenas,KevinCadenas@gmail.com,777164279lr.,KevCadLR2025
Joan,Barrera,JoanBarrera@gmail.com,896608478lr.,JoaBarLR2025
Esperanza,Ríos,EsperanzaRíos@gmail.com,641122024lr.,EspRíoLR2025
Albeiro,Agudelo,AlbeiroAgudelo@gmail.com,158729142lr.,AlbAguLR2025
Laura,Granados,LauraGranados@gmail.com,713885310lr.,LauGraLR2025
Estefanía,Gomez,EstefaníaGomez@gmail.com,301823877lr.,EstGomLR2025
Sandra,Barros,SandraBarros@gmail.com,728320894lr.,SanBarLR2025
Lorena,Zuluaga,LorenaZuluaga@gmail.com,132414788lr.,LorZulLR2025
Viviana,Porras,VivianaPorras@gmail.com,389621633lr.,VivPorLR2025
Jose,Gomez,JoseGomez@gmail.com,471778903lr.,JosGomLR2025
Juan,Montaño,JuanMontaño@gmail.com,408668706lr.,JuaMonLR2025
Luis,Pinzón,LuisPinzón@gmail.com,607498607lr.,LuiPinLR2025